ticker,company_name,year
3RDROCK,3rd Rock Multimedia Limited,2024
AGRITECH,Agri-Tech (India) Limited,2025
AGSTRA,AGS Transact Technologies Limited,2024
AJRINFRA,AJR INFRA AND TOLLING LIMITED,2019
ALCHEM,Alchemist Limited,2020
ANKITMETAL,Ankit Metal & Power Limited,2020
ANSALAPI,Ansal Properties & Infrastructure Limited,2020
ANSALHSG,Ansal Housing Limited,2020
ARCOTECH,Arcotech Limited,2019
ARIHANT,Arihant Foundations & Housing Limited,2019
ARSHIYA,Arshiya Limited,2019
ARTEDZ,Artedz Fabs Limited,2019
AUTOLITIND,Autolite (India) Limited,2019
BABAFOOD,Baba Agro Food Limited,2019
BARTRONICS,Bartronics India Limited,2021
BGLOBAL,Bharatiya Global Infomedia Limited,2019
BGRENERGY,BGR Energy Systems Limited,2020
BHALCHANDR,Bhalchandram Clothing Limited,2024
BILENERGY,Bil Energy Systems Limited,2019
BILVYAPAR,BIL VYAPAR LIMITED,2023
BIRLATYRE,Birla Tyres Limited,2019
BLUECHIP,Blue Chip India Limited,2021
BRFL,Bombay Rayon Fashions Limited,2020
BRIGHT,Bright Solar Limited,2022
BSELINFRA,BSEL Infrastructure Realty Limited,2020
BSHSL,Bombay Super Hybrid Seeds Limited,2024
CANDC,C & C Constructions Limited,2019
CASTEXTECH,Castex Technologies Limited,2019
CCHHL,Country Club Hospitality & Holidays Limited,2020
CENTEXT,Century Extrusions Limited,2021
CHROMATIC,Chromatic India Limited,2019
CKFSL,Cox & Kings Financial Service Limited,2019
CKPLEISURE,CKP Leisure Limited,2019
CKPPRODUCT,CKP Products Limited,2019
CLOUD,Varanium Cloud Limited,2023
CMICABLES,CMI Limited,2020
CNOVAPETRO,CIL Nova Petrochemicals Limited,2020
COMPINFO,Compuage Infocom Limited,2020
COX&KINGS,Cox & Kings Limited,2019
CREATIVEYE,Creative Eye Limited,2025
CURATECH,Cura Technologies Limited,2020
DHARAN,DHARAN INFRA-EPC LIMITED,2019
DHARSUGAR,Dharani Sugars & Chemicals Limited,2019
DHFL,Dewan Housing Finance Corporation Limited,2020
DIL,Debock Industries Limited,2020
DQE,DQ Entertainment (International) Limited,2019
EASUNREYRL,Easun Reyrolle Limited,2019
EDUCOMP,Educomp Solutions Limited,2019
EMBDL,Embassy Developments Limited,2022
EMCO,Emco Limited,2019
EROSMEDIA,Eros International Media Limited,2023
EUROCERA,Euro Ceramics Limited,2019
EUROMULTI,Euro Multivision Limited,2020
FCONSUMER,Future Consumer Limited,2023
FCONSUMER ,Future Consumer Limited,2025
FEL,Future Enterprises Limited,2019
FELDVR,Future Enterprises Limited,2022
FLFL,Future Lifestyle Fashions Limited,2021
FRETAIL,Future Retail Limited,2019
FSC,Future Supply Chain Solutions Limited,2021
GANGOTRI,Gangotri Textiles Limited,2020
GARDENSILK,Garden Silk Mills Limited,2019
GATECH,GACM Technologies Limited,2025
GATECHDVR,GACM Technologies Limited,2025
GENSOL,Gensol Engineering Limited,2024
GIRRESORTS,GIR Natureview Resorts Limited,2020
GODHA,Godha Cabcon & Insulation Limited,2024
GOENKA,Goenka Diamond and Jewels Limited,2020
GOLDENTOBC,Golden Tobacco Limited,2020
GTNIND,GTN Industries Limited,2020
GTNTEX,GTN Textiles Limited,2020
GVKPIL,GVK Power & Infrastructure Limited,2019
HARDWYN,Hardwyn India Limited,2023
HAVISHA,Sri Havisha Hospitality and Infrastructure Limited,2020
HDIL,Housing Development and Infrastructure Limited,2019
HERCULES,HERCULES INVESTMENTS LIMITED,2019
HEUBACHIND,Heubach Colorants India Limited,2024
HINDMOTORS,Hindustan Motors Limited,2019
HINDNATGLS,Hindusthan National Glass & Industries Limited,2023
ICSA,ICSA (India) Limited,2024
IDFC,IDFC Limited,2023
IMPEXFERRO,Impex Ferro Tech Limited,2020
INDLMETER,IMP Powers Limited,2020
IPSL,Integrated Personnel Services Limited,2022
ITTL,Innovative Tyres & Tubes Limited,2024
JAIHINDPRO,Jaihind Projects Limited,2019
JBFIND,JBF Industries Limited,2019
JETAIRWAYS,Jet Airways (India) Limited,2019
JIKIND,JIK Industries Limited,2021
JINDCOT,Jindal Cotex Limited,2019
JMTAUTOLTD,JMT Auto Limited,2019
JPPOWER,Jaiprakash Power Ventures Limited,2024
JVLAGRO,JVL Agro Industries Limited,2019
KGL,Karuturi Global Limited,2019
KLL,Kaushalya Logistics Limited,2025
KSERASERA,KSS Limited,2019
KSK,KSK Energy Ventures Limited,2019
KTL,Kalahridhaan Trendz Limited,2023
KUNDANMM,Kundan Minerals and Metals Limited,2020
LAKPRE,Lakshmi Precision Screws Limited,2019
LGBFORGE,LGB Forge Limited,2021
MANINDS,Man Industries (India) Limited,2025
MARSHALL,Marshall Machines Limited,2020
MCDHOLDING,McDowell Holdings Limited,2019
MEP,MEP Infrastructure Developers Limited,2022
MERCATOR,Mercator Limited,2020
METALFORGE,Metalyst Forgings Limited,2019
METKORE,Metkore Alloys & Industries Limited,2019
MMNL,MIG Media Neurons Limited,2019
MOHOTAIND,Mohota Industries Limited,2019
MORARJEE,Morarjee Textiles Limited,2023
MTEDUCARE,MT Educare Limited,2019
MVL,MVL Limited,2024
NAGAFERT,Nagarjuna Fertilizers and Chemicals Limited,2025
NATHBIOGEN,Nath Bio-Genes (India) Limited,2020
NATNLSTEEL,National Steel And Agro Industries Limited,2021
NDTV,New Delhi Television Limited,2022
NITINFIRE,Nitin Fire Protection Industries Limited,2019
NTL,Neueon Towers Limited,2023
OISL,OCL Iron and Steel Limited,2019
OMKARCHEM,Omkar Speciality Chemicals Limited,2022
OPAL,Opal Luxury Time Products Limited,2019
OPTOCIRCUI,Opto Circuits (India) Limited,2020
ORCHASP,Orchasp Limited,2025
ORTEL,Ortel Communications Limited,2020
PAEL,PAE Limited,2020
PARABDRUGS,Parabolic Drugs Limited,2019
PATSPINLTD,Patspin India Limited,2019
PDPL,Parenteral Drugs (India) Limited,2021
PENTAGOLD,Penta Gold Limited,2021
PERFECT,Perfect Infraengineers Limited,2019
PODDARHOUS,Poddar Housing and Development Limited,2020
POWERFUL,Powerful Technologies Limited,2019
PRABHAT,Prabhat Dairy Limited,2019
PREMIER,Premier Limited,2019
PUNJLLOYD,Punj Lloyd Limited,2019
PUSHPREALM,Pushpanjali Realms and Infratech Limited,2019
RADHIKAJWE,Radhika Jeweltech Limited,2024
RAJVIR,Rajvir Industries Limited,2024
RAMSARUP,Ramsarup Industries Limited,2019
RCOM,Reliance Communications Limited,2020
RHFL,Reliance Home Finance Limited,2019
RKDL,Ravi Kumar Distilleries Limited,2024
RMCL,Radha Madhav Corporation Limited,2020
ROHITFERRO,Rohit Ferro-Tech Limited,2019
ROLTA,Rolta India Limited,2020
SAHAJ,Sahaj Fashions Limited,2023
SANCO,Sanco Industries Limited,2021
SANGHVIFOR,Sanghvi Forging and Engineering Limited,2019
SANWARIA,Sanwaria Consumer Limited,2019
SATHAISPAT,Sathavahana Ispat Limited,2021
SECURCRED,SecUR Credentials Limited,2019
SETUINFRA,Setubandhan Infrastructure Limited,2019
SEYAIND,Seya Industries Limited,2019
SHARONBIO,Sharon Bio-Medicine Limited,2019
SHIRPUR-G,Shirpur Gold Refinery Limited,2020
SILKY,Silky Overseas Limited,2024
SIMBHALS,Simbhaoli Sugars Limited,2020
SITINET,Siti Networks Limited,2023
SKIL,SKIL Infrastructure Limited,2020
SKSTEXTILE,SKS Textiles Limited,2020
SMPL,Splendid Metal Products Limited,2020
SONISOYA,Soni Soya Products Limited,2019
SPTL,Sintex Plastics Technology Limited,2021
SREINFRA,SREI Infrastructure Finance Limited,2020
SRIRAM,Shri Ram Switchgears Limited,2019
SRPL,Shree Ram Proteins Limited,2023
SSINFRA,S.S. Infrastructure Development Consultants Limited,2020
STINDIA,STI India Limited,2019
SUBEXLTD,Subex Limited,2023
SUJANAUNI,Sujana Universal Industries Limited,2019
SUULD,Suumaya Industries Limited,2021
SYNCOM,Syncom Healthcare Limited,2019
TALWALKARS,Talwalkars Better Value Fitness Limited,2019
TALWGYM,Talwalkars Healthclubs Limited,2019
TARAPUR,Tarapur Transformers Limited,2021
TCIFINANCE,Tci Finance Limited,2020
TECHIN,Techindia Nirman Limited,2021
TECHNOFAB,Technofab Engineering Limited,2019
THIRUSUGAR,Thiru Arooran Sugars Limited,2019
UNIPLY,Uniply Industries Limited,2019
UNITY,Unity Infraprojects Limited,2019
USASEEDS,Upsurge Seeds Of Agriculture Limited,2025
VALECHAENG,Valecha Engineering Limited,2025
VIDEOIND,Videocon Industries Limited,2019
VIKASLIFE,Vikas Lifecare Limited,2025
VISESHINFO,Visesh Infotecnics Limited,2021
VISHNUINFR,Vishnusurya Projects and Infra Limited,2025
VIVIMEDLAB,Vivimed Labs Limited,2020
WINSOME,Winsome Yarns Limited,2023
ZENITHSTL,Zenith Steel Pipes & Industries Limited,2021
ZICOM,Zicom Electronic Security Systems Limited,2019
ABGSHIP,ABG Shipyard,2015
AKSHOPTFBR,AKSH OPTIFIBRE LIMITED,2025
ALOKINDS,Alok Industries Ltd,2025
AMTEKAUTO,Amtek Auto,2015
ANSALAPI,ANSAL PROP & INFRA LTD,2024
ARCOTECH,"ARCOTECH.NS,0P00012PYT,0",2025
ARSSINFRA,ARSS Infrastructure Projects,2025
ATLANTA,Atlanta Limited,2017
BALLARPUR,"BALLARPUR.NS,0P0000C2S8,0",2025
BCG,Brightcom Group Limited,2022
BGRENERGY,BGR ENERGY SYSTEMS LTD,2025
BOMBAYRAYON,Bombay Rayon,2016
BPL,BPL LTD,2025
BURNPUR,BURNPUR CEMENT LTD.,2025
BYJUS,Think & Learn Pvt Ltd (Byju's),2022
CANDC,"CANDC.NS,0P0000BSSR,0",2025
CASTEX,Castex Technologies,2016
CCCL,CONS. CONST. CONSORT LTD,2025
CELESTIAL,Celestial Biolabs,2013
CGPOWER,CG POWER AND IND SOL LTD,2025
COFFEEDAY,Coffee Day Enterprises Limited,2019
COX&KINGS,Cox & Kings,2016
DBREALTY,VALOR ESTATE LIMITED,2025
DCHL,Deccan Chronicle,2012
DQE,"DQE.NS,0P0000TIZW,0",2023
EASTSILK,EASTERN SILK INDUSTRIES L,2025
EDUCOMP,EDUCOMP SOLUTIONS LTD,2025
EMCO,Emco Limited,2016
ERAENVIRO,Era Infra Engineering,2016
EROSMEDIA,Eros International Media Limited,2019
FCONSUMER,FUTURE CONSUMER LIMITED,2025
FLFL,FUT LIFESTYLE FASH LTD,2022
FRETAIL,Future Retail,2016
GAMMONIND,Gammon India,2016
GAYAPROJ,GAYATRI PROJECTS LTD,2025
GEODESIC,Geodesic Limited,2013
GITANJALI,Gitanjali Gems,2016
GTL,GTL LTD,2025
GTLINFRA,GTL INFRA.LTD,2025
GVKPIL,GVK POW. & INFRA LTD.,2025
HANUNG,Hanung Toys,2014
HCC,HINDUSTAN CONSTRUCTION CO,2025
HDIL,Housing Development & Infra,2025
IL&FSENGG,IL&FS ENG AND CONS CO LTD,2025
IL&FSTRANS,IL&FS Trans,2018
IMAGICAA,IMAGICAAWORLD ENT LTD,2025
IVRCLINFRA,"IVRCLINFRA.NS,0P0000BYFY,0",2025
JBFIND,"JBFIND.NS,0P0000BJLZ,0",2025
JETAIRWAYS,Jet Airways India,2023
JMTAUTO,JMT Auto,2016
JPASSOCIAT,JAIPRAKASH ASSOCIATES LTD,2025
JPINFRATEC,Jaypee Infratech,2015
KFA,Kingfisher Airlines,2012
KOUTONS,Koutons Retail,2010
KSK,KSK Energy Ventures,2018
KSS,KSS Limited,2016
KWALITY,Kwality Limited,2016
LEEL,"LEEL.NS,0P0000BH66,0",2025
LITL,Lanco Infratech,2015
MADHUCON,MADHUCON PROJECTS LTD.,2025
MANDHANA,Mandhana Industries,2016
MBLINFRA,MBL INFRASTRUCTURE LTD,2025
MCLEODRUSS,MCLEOD RUSSEL INDIA LTD.,2025
METALFORGE,Amtek Metal & Mining,2016
MIRC,MIRC Electronics Limited,2015
MONNETISPA,monnet ispat,2016
MOSERBAER,Moser Baer India,2014
MTEDUCARE,MT EDUCARE LTD,2025
NAKODA,Nakoda Limited,2013
NATHBIOGEN,NATH BIO-GENES (I) LTD,2025
NITINFIRE,"NITINFIRE.NS,0P0000CAP1,0",2024
NOIDATOLL,NOIDA TOLL BRIDGE CO LTD,2025
OKARCHEM,Omkar Chem Ltd,2022
OMAXE,OMAXE LIMITED,2025
OMKARCHEM,OMKAR SPL CHEM LTD,2022
OPTOCIRCUI,Opto Circuits,2015
ORCHIDPHAR,Orchid Pharma,2016
ORTINLAB,Ortin Laboratories,2016
PARSVNATH,PARSVNATH DEVELOPER LTD,2025
PATELENG,PATEL ENGINEERING LTD.,2025
PFOCUS,Prime Focus Limited,2020
PLETHICO,Plethico Pharmaceuticals,2012
PRAJAY,Prajay Engineers Syndicate Limited,2017
PRATIBHA,Pratibha Industries,2016
PROVOGE,Provogue India,2016
PUNJLLOYD,Punj Lloyd,2016
RAJRAYON,Raj Rayon Industries,2016
RCOM,RELIANCE COMMUNICATIONS L,2025
RELINFRA,RELIANCE INFRASTRUCTU LTD,2025
RNAVAL,"RNAVAL.NS,0P0000N0EK,0",2025
ROLTA,Rolta India,2016
RUCHISOYA,Ruchi Soya Industries,2017
SABTN,Sri Adhikari Brothers,2016
SADBHAV,SADBHAV ENGINEERING LTD,2025
SADBHIN,Sadbhav Infrastructure Project Limited,2020
SECUREKLOUD,8K Miles Software Services Limited,2018
SEYAIND,Seya Industries Ltd,2025
SEZAL,Sezal Glass,2011
SHARONBIO,Sharon Bio-Medicine,2015
SHIRPUR-G,"SHIRPUR-G.NS,0P0000AHVM,0",2024
SIMPLEXINF,SIMPLEX INFRASTRUCTURES L,2025
SINTEX,Sintex Industries,2016
SITINET,SITI Networks Limited,2017
SKUMARSYNF,S Kumars Nationwide,2012
STERLINBIO,Sterling Biotech,2014
SUBEX,Subex Limited,2012
SUPREMEINF,SUPREME INFRA. LTD,2025
SURYAPHARM,Surya Pharmaceutical,2011
TALWALKARS,Talwalkars,2018
TREEHOUSE,Tree House Education & Accessories Limited,2016
TULIP,Tulip Telecom,2013
UJAAS,Ujaas Energy,2019
UNIPLY,Uniply Industries,2017
VAKRANGEE,Vakrangee Limited,2018
VICEROY,Viceroy Hotels,2017
VIDEOIND,"VIDEOIND.NS,0P0000AMCW,0",2024
VISASTEEL,VISA STEEL LIMITED,2025
ZEELEARN,Zee Learn Limited,2022
ZICOM,Zicom Electronic Security,2017
ZYLOG,Zylog Systems,2014
