ticker,company_name
EMAMILTD,EMAMI LIMITED
HCLTECH,HCL TECHNOLOGIES LTD
SUZLON,Suzlon Energy Ltd
AKSHOPTFBR,AKSH OPTIFIBRE LIMITED
HINDALCO,HINDALCO  INDUSTRIES  LTD
ORTINLAB,Ortin Laboratories
BEL,BHARAT ELECTRONICS LTD
DRREDDY,DR. REDDY S LABORATORIES
ITC,ITC LTD
ORCHIDPHAR,Orchid Pharma
DEVYANI,DEVYANI INTERNATIONAL LTD
CROMPTON,CROMPT GREA CON ELEC LTD
ADANIPORT,Adani Ports
CELESTIAL,Celestial Biolabs
IRCTC,INDIAN RAIL TOUR CORP LTD
MARUTI,MARUTI SUZUKI INDIA LTD.
RPOWER, Reliance Power 
BURNPUR,BURNPUR CEMENT LTD.
UNIPLY,Uniply Industries
CUMMINSIND,CUMMINS INDIA LTD
TIINDIA,TUBE INVEST OF INDIA LTD
ATLANTA,Atlanta Limited
ALLCARGO,ALLCARGO LOGISTICS LTD
GNFC,GUJ NAR VAL FER & CHEM L
BAJAJ-AUTO,BAJAJ AUTO LIMITED
OKARCHEM,Omkar Chem Ltd
EMCO,Emco Limited
DEEPAKNTR,DEEPAK NITRITE LTD
PRATIBHA,Pratibha Industries
RELINFRA,RELIANCE INFRASTRUCTU LTD
TVSMOTOR,TVS MOTOR COMPANY  LTD
TATASTEEL,TATA STEEL LIMITED
ARSSINFRA,ARSS Infrastructure Projects
RADICO,RADICO KHAITAN LTD
JETAIRWAYS, JET AIRWAYS (INDIA) LTD. 
GSPL,GUJARAT STATE PETRO LTD
ANSALAPI, Ansal Properties & Infrastructure 
MANDHANA,Mandhana Industries
DIXON,DIXON TECHNO (INDIA) LTD
TATACONSUM,TATA CONSUMER PRODUCT LTD
JYOTHYLAB,JYOTHY LABS LIMITED
ZOMATO,Zomato
ZICOM,Zicom Electronic Security
ESIL,Essar Steel
HCC,HINDUSTAN CONSTRUCTION CO
SUPREMEINF,SUPREME INFRA. LTD
PLETHICO,Plethico Pharmaceuticals
ZYLOG,Zylog Systems
UJAAS,Ujaas Energy
INDIACEM,THE INDIA CEMENTS LIMITED
CPSEETF,CPSE ETF
KFA,Kingfisher Airlines
JUBIQUANT,Jubilant FoodWorks
SURYAPHRM,Surya Pharmaceutical
ADANIPOWER,ADANI POWER LTD
NETWORK18,NETWORK18 MEDIA & INV LTD
CGPOWER,CG POWER AND IND SOL LTD
OMAXE,OMAXE LIMITED
RAMCOCEM,THE RAMCO CEMENTS LIMITED
AARTIIND,AARTI INDUSTRIES LTD
CERA,CERA SANITARYWARE LTD
SIEMENS,SIEMENS LTD
SAPPHIRE,SAPPHIRE FOODS INDIA LTD
MGL,MAHANAGAR GAS LTD.
POWERGRID,POWER GRID CORP. LTD.
IL&FSTRANS,IL&FS Trans
NTPC,NTPC LTD
VISASTEEL,VISA STEEL LIMITED
RVNL,RAIL VIKAS NIGAM LIMITED
MAZDOCK,MAZAGON DOCK SHIPBUIL LTD
MARG,Marg Limited
ASIANPAINT,ASIAN PAINTS LIMITED
SPYL,Siti Networks
BASF,BASF INDIA LTD
KEC,KEC INTL. LIMITED
BLUESTARCO,BLUE STAR LIMITED
GREENPLY,GREENPLY INDUSTRIES LTD
TALWALKARS,Talwalkars
LAURUSLABS,LAURUS LABS LIMITED
HFCL,HFCL LIMITED
CONCOR,CONTAINER CORP OF IND LTD
KSS,KSS Limited
BATAINDIA,BATA INDIA LTD
TIMKEN,TIMKEN INDIA LTD.
ITI,ITI LTD
GAMMONIND,Gammon India
NYKAA,FSN E COMMERCE VENTURES
JINDALSTEL,JINDAL STEEL LIMITED
JAGRAN,JAGRAN PRAKASHAN LIMITED
LALPATHLAB,DR. LAL PATH LABS LTD.
UJJIVAN,Ujjivan Financial
ADANIENERGY,Adani Energy Solutions
FLFL,FUT LIFESTYLE FASH LTD
NESTLEIND,NESTLE INDIA LIMITED
JETAIRWAYS,Jet Airways India
VAKRANGEE,Vakrangee Limited
RPOWER,RELIANCE POWER LTD.
ROUTE,ROUTE MOBILE LIMITED
MAHLIFE,MAHINDRA LIFESPACE DEVLTD
CANDC,"CANDC.NS,0P0000BSSR,0"
MONNETISPA,monnet ispat
BERGEPAINT,BERGER PAINTS (I) LTD
THYROCARE,THYROCARE TECH LTD
ASTRAL,ASTRAL LIMITED
LTIM,LTIMINDTREE LIMITED
ZENSARTECH,ZENSAR TECHNOLOGIES  LTD
SUBEX,Subex Limited
AMTEKAUTO, Amtek Auto 
IRCON,IRCON INTERNATIONAL LTD
EASEMYTRIP,EASY TRIP PLANNERS LTD
LATENTVIEW,LATENT VIEW ANALYTICS LTD
TITAN,TITAN COMPANY LIMITED
NAVINFLUOR,NAVIN FLUORINE INT. LTD
PURVA,PURAVANKARA LIMITED
AJANTPHARM,AJANTA PHARMA LIMITED
GVKPIL,GVK POW. & INFRA LTD.
KANSAINER,KANSAI NEROLAC PAINTS LTD
BOSCHLTD,BOSCH LIMITED
ENGINERSIN,ENGINEERS INDIA LTD
BPL,BPL LTD
IMAGICAA,IMAGICAAWORLD ENT LTD
RAYMOND,RAYMOND LTD
UNITECH, UNITECH LTD 
SEZAL,Sezal Glass
SECUREKLOUD,8K Miles Software Services Limited
HINDUNILVR,HINDUSTAN UNILEVER LTD.
COFFEEDAY,Coffee Day Enterprises Limited
INTELLECT,INTELLECT DESIGN ARENA
RELIANCE,RELIANCE INDUSTRIES LTD
SONACOMS,SONA BLW PRECISION FRGS L
ADANIGREEN,ADANI GREEN ENERGY LTD
NBCC,NBCC (INDIA) LIMITED
TRENT,TRENT LTD
MOTHERSON,SAMVRDHNA MTHRSN INTL LTD
EROSMEDIA,Eros International Media Limited
PAYTM,ONE 97 COMMUNICATIONS LTD
SEYAIND,Seya Industries Ltd
PAGEIND,PAGE INDUSTRIES LTD
RAILTEL,RAILTEL CORP OF IND LTD
STERLINBIO,Sterling Biotech
GTLINFRA, GTL Infrastructure Ltd 
GRANULES,GRANULES INDIA LIMITED
GAYAPROJ,GAYATRI PROJECTS LTD
BHARTIARTL,BHARTI AIRTEL LIMITED
CASTROLIND,CASTROL INDIA LIMITED
ARCOTECH,"ARCOTECH.NS,0P00012PYT,0"
TORNTPOWER,TORRENT POWER LTD
DBREALTY,VALOR ESTATE LIMITED
SRF,SRF LTD
PFIZER,PFIZER LTD
BALLARPUR,"BALLARPUR.NS,0P0000C2S8,0"
TCS,TATA CONSULTANCY SERV LT
SJET,SpiceJet
GTLINFRA,GTL INFRA.LTD
TREEHOUSE,Tree House Education & Accessories Limited
SUPREMEIND,SUPREME INDUSTRIES LTD
GTL,GTL LTD
TATACHEM,TATA CHEMICALS LTD
SITINET,SITI Networks Limited
DALBHARAT,DALMIA BHARAT LIMITED
VEDL,VEDANTA LIMITED
NAZARA,NAZARA TECHNOLOGIES LTD
GAIL,GAIL (INDIA) LTD
GVKPIL,GVK Power & Infrastructure Limited
KPITTECH,KPIT TECHNOLOGIES LIMITED
RITES,RITES LIMITED
VARDHMAN,Vardhman Textiles
CARBORUNIV,CARBORUNDUM UNIVERSAL LTD
AIRCEL,Aircel
SCHAEFFLER,SCHAEFFLER INDIA LIMITED
ULTRACEMCO,ULTRATECH CEMENT LIMITED
TV18BRDCST,TV18 Broadcast
KWALITY,Kwality Limited
MTARTECH,MTAR TECHNOLOGIES LIMITED
IPCALAB,IPCA LABORATORIES LTD
NAKODA,Nakoda Limited
GLAXO,GLAXOSMITHKLINE PHARMA LT
VGUARD,V-GUARD IND LTD.
UBL,UNITED BREWERIES LTD
PIIND,PI INDUSTRIES LTD
MBLINFRA,MBL INFRASTRUCTURE LTD
PERSISTENT,PERSISTENT SYSTEMS LTD
HINDZINC,HINDUSTAN ZINC LIMITED
DABUR,DABUR INDIA LTD
ELECTROSL,Electrosteel Steels
TATACOMM,TATA COMMUNICATIONS LTD
CESC,CESC LTD
SAIL,STEEL AUTHORITY OF INDIA
PROVOGE,Provogue India
BATAINDIA,BATA INDIA LTD
SINTEX, Sintex Industries 
MANYAVAR,VEDANT FASHIONS LIMITED
TECHM,TECH MAHINDRA LIMITED
MACROTECH,Macrotech Developers
KEI,KEI INDUSTRIES LTD.
AEGISCHEM,Aegis Logistics
NHPC,NHPC LTD
JINDALPOLY,JINDAL POLY FILMS LIMITED
NOIDATOLL,NOIDA TOLL BRIDGE CO LTD
MRF,MRF LTD
GSFC,GUJ STATE FERT & CHEM LTD
ENDURANCE,ENDURANCE TECHNO. LTD.
NAVKARCORP,NAVKAR CORPORATION LTD.
GRSE,GARDEN REACH SHIP&ENG LTD
INOXLEISUR,INOX Leisure
GUJGASLTD,GUJARAT GAS LIMITED
FCONSUMER,Future Consumer Ltd
SURANASOL,SURANA SOLAR LIMITED
VIDEOIND,"VIDEOIND.NS,0P0000AMCW,0"
SONATSOFTW,SONATA SOFTWARE LTD
POLYPLEX,POLYPLEX CORPORATION LTD
OFSS,ORACLE FIN SERV SOFT LTD.
PUNJLLOYD,Punj Lloyd
VBL,VARUN BEVERAGES LIMITED
BOSCHLTD,BOSCH LIMITED
SYMPHONY,SYMPHONY LIMITED
SHIRPUR-G,"SHIRPUR-G.NS,0P0000AHVM,0"
JPASSOCIAT,JAIPRAKASH ASSOCIATES LTD
VOLTAS,VOLTAS LTD
IGL,INDRAPRASTHA GAS LTD
BPCL,BHARAT PETROLEUM CORP  LT
JSWENERGY,JSW ENERGY LIMITED
VICEROY,Viceroy Hotels
METALFORGE,Amtek Metal & Mining
MPHASIS,MPHASIS LIMITED
POLYCAB,POLYCAB INDIA LIMITED
CLEAN,CLEAN SCIENCE & TECH LTD
MTEDUCARE, MT EDUCARE LTD 
DCHL,Deccan Chronicle
COFORGE,COFORGE LIMITED
CENTURYPLY,CENTURY PLYBOARDS (I) LTD
FCONSUMER, FUTURE CONSUMER LIMITED 
SOMANYCERA,SOMANY CERAMICS LIMITED
MADHUCON,MADHUCON PROJECTS LTD.
ATUL,ATUL LTD
DLF,DLF LIMITED
PARSVNATH,PARSVNATH DEVELOPER LTD
APOLLOTYRE,APOLLO TYRES LTD
ROLTA,Rolta India 
JPINFRATEC,Jaypee Infratech
SADBHIN,Sadbhav Infrastructure Project Limited
AMBUJACEM,AMBUJA CEMENTS LTD
WIPRO,WIPRO LTD
SUNDRMFAST,SUNDRAM FASTENERS LTD
NATCOPHARM,NATCO PHARMA LTD.
MEDPLUS,MEDPLUS HEALTH SERV LTD
INFY,INFOSYS LIMITED
SIMPLEXINF,SIMPLEX INFRASTRUCTURES L
AUROPHARMA,AUROBINDO PHARMA LTD
IL&FSENGG,IL&FS ENG AND CONS CO LTD
GOCOLORS,GO FASHION INDIA LTD
LT,LARSEN & TOUBRO LTD.
GUJPIPAVAV,Gujarat Pipavav Port
WESTLIFE,WESTLIFE FOODWORLD LTD
UFO,UFO MOVIEZ INDIA LTD.
TULIP,Tulip Telecom
ABGSHIP,ABG Shipyard
KPTL,Kalpataru Projects
NATIONALUM,NATIONAL ALUMINIUM CO LTD
BALKRISIND,BALKRISHNA IND. LTD
KAJARIRAM,Kajaria Ceramics
JAYPEE,Jaypee Infratech
ZEEL,ZEE ENTERTAINMENT ENT LTD
GARFIBRES,GARWARE TECH FIBRES LTD
AIAENG,AIA ENGINEERING LIMITED
HAVELLS,HAVELLS INDIA LIMITED
ANSALAPI,ANSAL PROP & INFRA LTD
TATAPOWER,TATA POWER CO LTD
WELSPUNIND,Welspun India
GODREJCP,GODREJ CONSUMER PRODUCTS
SMLISUZU,SML Isuzu
AFFLE,AFFLE 3I LIMITED
WHIRLPOOL,WHIRLPOOL OF INDIA LTD
UNITECH,Unitech Ltd
EDUCOMP,Educomp Solutions Limited
IVRCLINFRA,"IVRCLINFRA.NS,0P0000BYFY,0"
BHUSHAN,Bhushan Steel
CAMPUS,CAMPUS ACTIVEWEAR LIMITED
BIOCON,BIOCON LIMITED.
PFOCUS,Prime Focus Limited
SABTN,Sri Adhikari Brothers
CCCL,CONS. CONST. CONSORT LTD
ASHOKLEY,ASHOK LEYLAND LTD
SHARONBIO,Sharon Bio-Medicine
HUDCO,HSG & URBAN DEV CORPN LTD
GEODESIC,Geodesic Limited
IOC,INDIAN OIL CORP LTD
FRETAIL,Future Retail
BHEL,BHEL
HDIL,HOUSING DEV & INFRA LTD
ALOKINDS,ALOK INDUSTRIES LIMITED
PHOENIXLTD,THE PHOENIX MILLS LTD
MAHLOG,MAHINDRA LOGISTIC LIMITED
EASTSILK,EASTERN SILK INDUSTRIES L
SYNGENE,SYNGENE INTERNATIONAL LTD
NITINFIRE,"NITINFIRE.NS,0P0000CAP1,0"
GAMMONINFRA,Gammon Infrastructure
SANOFI,SANOFI INDIA LIMITED
DIVISLAB,DIVI S LABORATORIES LTD
BRIGADE,BRIGADE ENTER. LTD
RELAXO,RELAXO FOOT LTD.
OMKARCHEM, OMKAR SPL CHEM LTD 
ERAENVIRO,Era Infra Engineering
HAL,HINDUSTAN AERONAUTICS LTD
GLENMARK,GLENMARK PHARMACEUTICALS
CYIENT,CYIENT LIMITED
KOUTONS,Koutons Retail
BGRENERGY,BGR ENERGY SYSTEMS LTD
ENIL,ENTERTAIN NET. IND. LTD.
LITL, Lanco Infratech 
SUNTV,SUN TV NETWORK LIMITED
3MINDIA,3M INDIA LIMITED
MOSERBAER,Moser Baer India
TEJASNET,TEJAS NETWORKS LIMITED
TTKPRESTIG,TTK PRESTIGE LTD
SUMICHEM,SUMITOMO CHEM INDIA LTD
INDUSTOWER,INDUS TOWERS LIMITED
THERMAX,THERMAX LTD
CEATLTD,CEAT LIMITED
GITANJALI,Gitanjali Gems
RATNAMANI,RATNAMANI MET & TUB LTD.
METROPOLIS,METROPOLIS HEALTHCARE LTD
AMBER,AMBER ENTERPRISES (I) LTD
RAJRAYON,Raj Rayon Industries
SEYAIND, SEYA INDUSTRIES LIMITED 
ACC,ACC LIMITED
HDIL,HOUSING DEV & INFRA LTD
DQE,"DQE.NS,0P0000TIZW,0"
MTEDUCARE,MT EDUCARE LIMITED
OIL,OIL INDIA LTD
EICHERMOT,EICHER MOTORS LTD
PRESTIGE,PRESTIGE ESTATE LTD
UPL,UPL LIMITED
CASTEX,Castex Technologies
SURYAPHARM,Surya Pharmaceutical
RATEGAIN,RATEGAIN TRAVEL TECHN LTD
VRLLOG,VRL LOGISTICS LIMITED
RCOM,RELIANCE COMMUNICATIONS L
PRAJAY,Prajay Engineers Syndicate Limited
KPRMILL,KPR MILL LTD.
BSOFT,BIRLASOFT LIMITED
TORNTPHARM,TORRENT PHARMACEUTICALS L
COX&KINGS,Cox & Kings
RNAVAL,"RNAVAL.NS,0P0000N0EK,0"
RUCHISOYA,Ruchi Soya Industries
IVRCLINFRA,IVRCLINFRA Limited
COCHINSHIP,COCHIN SHIPYARD LIMITED
BRITANNIA,BRITANNIA INDUSTRIES LTD
DQE,DQ Entertainment (International) Limited
MCLEODRUSS,MCLEOD RUSSEL INDIA LTD.
HAPPSTMNDS,HAPPIEST MINDS TECHNO LTD
ASTRAZEN,ASTRAZENECA PHARMA IND LT
TCIEXP,TCI EXPRESS LIMITED
SOBHA,SOBHA LIMITED
BAYERCROP,BAYER CROPSCIENCE LTD
ZYDUSLIFE,ZYDUS LIFESCIENCES LTD
JSWSTEEL,JSW STEEL LIMITED
BCG,Brightcom Group Limited
KALYANKJIL,KALYAN JEWELLERS IND LTD
GVKPIL,GVK POW. & INFRA LTD.
CIPLA,CIPLA LTD
ZEELEARN,Zee Learn Limited
SUNPHARMA,SUN PHARMACEUTICAL IND L
SUZLON, SUZLON ENERGY LIMITED 
APLAPOLLO,APL APOLLO TUBES LTD
OBEROIRLTY,OBEROI REALTY LIMITED
ZYDUSWELL,ZYDUS WELLNESS LIMITED
EROSMEDIA,EROS INTL MEDIA LTD
GODREJPROP,GODREJ PROPERTIES LTD
HANUNG,Hanung Toys
MINDAIND,Uno Minda
HEROMOTOCO,HERO MOTOCORP LIMITED
PIDILITIND,PIDILITE INDUSTRIES LTD
M&M,MAHINDRA & MAHINDRA LTD
DMART,AVENUE SUPERMARTS LIMITED
ALOKINDS,Alok Industries Ltd
SADBHAV,SADBHAV ENGINEERING LTD
SJVN,SJVN LTD
LEEL,"LEEL.NS,0P0000BH66,0"
ESCORTS,ESCORTS KUBOTA LIMITED
FORCEMOT,FORCE MOTORS LIMITED
NMDC,NMDC LTD.
GRINDWELL,GRINDWELL NORTON LIMITED
COALINDIA,COAL INDIA LTD
PETRONET,PETRONET LNG LIMITED
DBCORP,D.B.CORP LTD
JKCEMENT,JK CEMENT LIMITED
JBFIND,"JBFIND.NS,0P0000BJLZ,0"
SKUMARSYNF,S Kumars Nationwide
RICOHIND,Ricoh India
TATAMOTORS,Tata Motors
NLCINDIA,NLC INDIA LIMITED
GUJALKALI,GUJARAT ALKALIES & CHEM
EDUCOMP,EDUCOMP SOLUTIONS LTD
HINDPETRO,HINDUSTAN PETROLEUM CORP
PATELENG,PATEL ENGINEERING LTD.
MIRC,MIRC Electronics Limited
SKFINDIA,SKF INDIA LTD
ONGC,OIL AND NATURAL GAS CORP.
JMTAUTO,JMT Auto
SINTEX, Sintex Industries 
BLUEDART,BLUE DART EXPRESS LTD
GRASIM,GRASIM INDUSTRIES LTD
HONAUT,HONEYWELL AUTOMATION IND
ABB,ABB INDIA LIMITED
APOLLOHOSP,APOLLO HOSPITALS ENTER. L
FINCABLES,FINOLEX CABLES LTD
BYJUS,Think & Learn Pvt Ltd (Byju's)
IDEA,VODAFONE IDEA LIMITED
NATHBIOGEN,NATH BIO-GENES (I) LTD
IVRCLINFRA,"IVRCLINFRA.NS,0P0000BYFY,0"
PUNJLLOYD,Punj Lloyd
CHAMBLFERT,CHAMBAL FERTILIZERS LTD
KSK,KSK Energy Ventures
PVRINOX,PVR INOX LIMITED
BINANIIND,Binani Industries
OPTOCIRCUI,Opto Circuits
ALKEM,ALKEM LABORATORIES LTD.
INDIAMART,INDIAMART INTERMESH LTD
LUPIN,LUPIN LIMITED
BOMBAYRAYON,Bombay Rayon
TRIDENT,TRIDENT LIMITED
BALLARPUR,"BALLARPUR.NS,0P0000C2S8,0"
ARSSINFRA, ARSS INFRA PROJ. LTD 
TUBEINVEST,Tube Investments
COROMANDEL,COROMANDEL INTERNTL. LTD
SHREECEM,SHREE CEMENT LIMITED
EQUITAS,Equitas Holdings
HDIL, Housing Development & Infra 
HOEC,Hindustan Oil Exploration
TATAELXSI,TATA ELXSI LIMITED
